{"cameraMode":{"drawMode":0,"name":"Shaded","section":"Shading Mode"},"sceneLighting":true,"audioPlay":false,"sceneViewState":{"m_AlwaysRefresh":false,"showFog":true,"showSkybox":true,"showFlares":true,"showImageEffects":true,"showParticleSystems":true,"showVisualEffectGraphs":true,"m_FxEnabled":true},"in2DMode":false,"pivot":{"x":576.6875610351563,"y":397.1243896484375,"z":77.013916015625},"rotation":{"x":0.014384756796061993,"y":0.041983433067798617,"z":-0.0006038195569999516,"w":0.9990183711051941},"size":493.8275146484375,"orthographic":false}